wsi,image_id,slide_id,image_width,image_height,is_tma,OncoTreeCode,label,is_tma.1,mpp
57711.png,57711,57711,60530,34049,FALSE,EOV,EC,FALSE,0.5
8213.png,8213,8213,36683,25710,FALSE,HGSOC,HGSC,FALSE,0.5
40503.png,40503,40503,61440,26709,FALSE,EOV,EC,FALSE,0.5
9509.png,9509,9509,21288,20626,FALSE,HGSOC,HGSC,FALSE,0.5
54007.png,54007,54007,21462,21749,FALSE,HGSOC,HGSC,FALSE,0.5
8531.png,8531,8531,51303,27787,FALSE,EOV,EC,FALSE,0.5
61823.png,61823,61823,32807,19314,FALSE,EOV,EC,FALSE,0.5
44530.png,44530,44530,53239,49293,FALSE,MOC,MC,FALSE,0.5
10077.png,10077,10077,53143,39150,FALSE,EOV,EC,FALSE,0.5
51215.png,51215,51215,8448,7590,FALSE,EOV,EC,FALSE,0.5
706.png,706,706,75606,25965,FALSE,HGSOC,HGSC,FALSE,0.5
30539.png,30539,30539,58522,24345,FALSE,HGSOC,HGSC,FALSE,0.5
48502.png,48502,48502,44540,17300,FALSE,MOC,MC,FALSE,0.5
8279.png,8279,8279,90550,42022,FALSE,CCOV,CC,FALSE,0.5
30508.png,30508,30508,75023,27968,FALSE,HGSOC,HGSC,FALSE,0.5
63836.png,63836,63836,17416,21934,FALSE,EOV,EC,FALSE,0.5
57162.png,57162,57162,43752,46643,FALSE,LGSOC,LGSC,FALSE,0.5
11557.png,11557,11557,19624,16602,FALSE,LGSOC,LGSC,FALSE,0.5
51021.png,51021,51021,72720,37900,FALSE,HGSOC,HGSC,FALSE,0.5
6140.png,6140,6140,42775,41227,FALSE,HGSOC,HGSC,FALSE,0.5
61797.png,61797,61797,3388,3388,TRUE,HGSOC,HGSC,TRUE,0.25
44804.png,44804,44804,56082,20080,FALSE,EOV,EC,FALSE,0.5
52108.png,52108,52108,16621,14700,FALSE,EOV,EC,FALSE,0.5
29915.png,29915,29915,68112,33540,FALSE,CCOV,CC,FALSE,0.5
25561.png,25561,25561,54584,17787,FALSE,HGSOC,HGSC,FALSE,0.5
91.png,91,91,3388,3388,TRUE,HGSOC,HGSC,TRUE,0.25
40129.png,40129,40129,61200,25520,FALSE,CCOV,CC,FALSE,0.5
41368.png,41368,41368,3388,3388,TRUE,EOV,EC,TRUE,0.25
1101.png,1101,1101,26306,18403,FALSE,HGSOC,HGSC,FALSE,0.5
41099.png,41099,41099,20083,19155,FALSE,LGSOC,LGSC,FALSE,0.5
14312.png,14312,14312,66727,28600,FALSE,MOC,MC,FALSE,0.5
60685.png,60685,60685,74009,21583,FALSE,CCOV,CC,FALSE,0.5
46688.png,46688,46688,52508,46680,FALSE,EOV,EC,FALSE,0.5
33976.png,33976,33976,38146,21220,FALSE,LGSOC,LGSC,FALSE,0.5
64824.png,64824,64824,46589,19365,FALSE,CCOV,CC,FALSE,0.5
56993.png,56993,56993,51910,47471,FALSE,MOC,MC,FALSE,0.5
34277.png,34277,34277,65805,35570,FALSE,LGSOC,LGSC,FALSE,0.5
8130.png,8130,8130,66247,29130,FALSE,LGSOC,LGSC,FALSE,0.5
46815.png,46815,46815,40640,45411,FALSE,MOC,MC,FALSE,0.5
33839.png,33839,33839,28733,22106,FALSE,LGSOC,LGSC,FALSE,0.5
17637.png,17637,17637,2964,2964,TRUE,HGSOC,HGSC,TRUE,0.25
41586.png,41586,41586,2964,2964,TRUE,CCOV,CC,TRUE,0.25
49872.png,49872,49872,73050,16818,FALSE,LGSOC,LGSC,FALSE,0.5
28066.png,28066,28066,45784,32200,FALSE,EOV,EC,FALSE,0.5
30369.png,30369,30369,66146,40994,FALSE,CCOV,CC,FALSE,0.5
8805.png,8805,8805,32123,20520,FALSE,HGSOC,HGSC,FALSE,0.5
15671.png,15671,15671,36960,24947,FALSE,EOV,EC,FALSE,0.5
50932.png,50932,50932,2964,2964,TRUE,HGSOC,HGSC,TRUE,0.25
28121.png,28121,28121,73920,35995,FALSE,HGSOC,HGSC,FALSE,0.5
3191.png,3191,3191,10688,23348,FALSE,CCOV,CC,FALSE,0.5
48550.png,48550,48550,32431,25393,FALSE,MOC,MC,FALSE,0.5
61320.png,61320,61320,36621,43071,FALSE,EOV,EC,FALSE,0.5
26124.png,26124,26124,29979,23288,FALSE,HGSOC,HGSC,FALSE,0.5
1080.png,1080,1080,31336,23200,FALSE,HGSOC,HGSC,FALSE,0.5
63941.png,63941,63941,47123,36600,FALSE,HGSOC,HGSC,FALSE,0.5
21232.png,21232,21232,41471,18923,FALSE,EOV,EC,FALSE,0.5
12222.png,12222,12222,63651,26220,FALSE,CCOV,CC,FALSE,0.5
52375.png,52375,52375,47643,22007,FALSE,CCOV,CC,FALSE,0.5
16494.png,16494,16494,48043,25247,FALSE,HGSOC,HGSC,FALSE,0.5
17487.png,17487,17487,33311,27967,FALSE,EOV,EC,FALSE,0.5
35652.png,35652,35652,80866,36163,FALSE,HGSOC,HGSC,FALSE,0.5
61961.png,61961,61961,47531,45240,FALSE,CCOV,CC,FALSE,0.5
8280.png,8280,8280,2964,2964,TRUE,HGSOC,HGSC,TRUE,0.25
65022.png,65022,65022,53355,46675,FALSE,LGSOC,LGSC,FALSE,0.5
7490.png,7490,7490,59147,31826,FALSE,EOV,EC,FALSE,0.5
57468.png,57468,57468,40802,34003,FALSE,HGSOC,HGSC,FALSE,0.5
39146.png,39146,39146,27243,32722,FALSE,HGSOC,HGSC,FALSE,0.5
43671.png,43671,43671,40783,36475,FALSE,HGSOC,HGSC,FALSE,0.5
27739.png,27739,27739,80170,41514,FALSE,HGSOC,HGSC,FALSE,0.5
54590.png,54590,54590,56010,35066,FALSE,HGSOC,HGSC,FALSE,0.5
8713.png,8713,8713,70772,48629,FALSE,HGSOC,HGSC,FALSE,0.5
63367.png,63367,63367,62905,24783,FALSE,EOV,EC,FALSE,0.5
28393.png,28393,28393,31904,24382,FALSE,HGSOC,HGSC,FALSE,0.5
19569.png,19569,19569,47849,39194,FALSE,EOV,EC,FALSE,0.5
7329.png,7329,7329,26305,33760,FALSE,EOV,EC,FALSE,0.5
26190.png,26190,26190,66646,31600,FALSE,HGSOC,HGSC,FALSE,0.5
6793.png,6793,6793,69906,38027,FALSE,EOV,EC,FALSE,0.5
22924.png,22924,22924,58620,20295,FALSE,EOV,EC,FALSE,0.5
43815.png,43815,43815,38935,39255,FALSE,HGSOC,HGSC,FALSE,0.5
9183.png,9183,9183,74091,34185,FALSE,LGSOC,LGSC,FALSE,0.5
53688.png,53688,53688,26591,29871,FALSE,HGSOC,HGSC,FALSE,0.5
3511.png,3511,3511,29305,17826,FALSE,EOV,EC,FALSE,0.5
9254.png,9254,9254,59807,37445,FALSE,MOC,MC,FALSE,0.5
10143.png,10143,10143,40063,42207,FALSE,HGSOC,HGSC,FALSE,0.5
4.png,4,4,23785,20008,FALSE,HGSOC,HGSC,FALSE,0.5
1252.png,1252,1252,60420,27480,FALSE,HGSOC,HGSC,FALSE,0.5
31383.png,31383,31383,53355,44443,FALSE,EOV,EC,FALSE,0.5
2391.png,2391,2391,58075,26192,FALSE,LGSOC,LGSC,FALSE,0.5
41361.png,41361,41361,78149,21344,FALSE,HGSOC,HGSC,FALSE,0.5
21929.png,21929,21929,46184,29963,FALSE,CCOV,CC,FALSE,0.5
36678.png,36678,36678,76103,40490,FALSE,MOC,MC,FALSE,0.5
20670.png,20670,20670,63223,15903,FALSE,HGSOC,HGSC,FALSE,0.5
18138.png,18138,18138,29246,23480,FALSE,EOV,EC,FALSE,0.5
29147.png,29147,29147,38610,26181,FALSE,HGSOC,HGSC,FALSE,0.5
1943.png,1943,1943,73730,34949,FALSE,CCOV,CC,FALSE,0.5
24023.png,24023,24023,65282,33033,FALSE,EOV,EC,FALSE,0.5
52612.png,52612,52612,54144,26303,FALSE,LGSOC,LGSC,FALSE,0.5
1666.png,1666,1666,69900,16083,FALSE,HGSOC,HGSC,FALSE,0.5
38535.png,38535,38535,45920,35052,FALSE,HGSOC,HGSC,FALSE,0.5
4608.png,4608,4608,33155,39867,FALSE,EOV,EC,FALSE,0.5
59760.png,59760,59760,59127,28531,FALSE,EOV,EC,FALSE,0.5
39880.png,39880,39880,40829,28620,FALSE,CCOV,CC,FALSE,0.5
5251.png,5251,5251,105763,18704,FALSE,HGSOC,HGSC,FALSE,0.5
10469.png,10469,10469,42181,28660,FALSE,EOV,EC,FALSE,0.5
38687.png,38687,38687,61465,29965,FALSE,CCOV,CC,FALSE,0.5
21373.png,21373,21373,42911,33671,FALSE,EOV,EC,FALSE,0.5
36783.png,36783,36783,2964,2964,TRUE,MOC,MC,TRUE,0.25
65533.png,65533,65533,45190,33980,FALSE,HGSOC,HGSC,FALSE,0.5
45990.png,45990,45990,63660,28000,FALSE,CCOV,CC,FALSE,0.5
28562.png,28562,28562,65462,32887,FALSE,MOC,MC,FALSE,0.5
40639.png,40639,40639,24581,18896,FALSE,HGSOC,HGSC,FALSE,0.5
53059.png,53059,53059,70594,27442,FALSE,HGSOC,HGSC,FALSE,0.5
36583.png,36583,36583,3388,3388,TRUE,LGSOC,LGSC,TRUE,0.25
16064.png,16064,16064,42725,32651,FALSE,EOV,EC,FALSE,0.5
23796.png,23796,23796,41540,26909,FALSE,LGSOC,LGSC,FALSE,0.5
57265.png,57265,57265,32506,38820,FALSE,MOC,MC,FALSE,0.5
52846.png,52846,52846,60466,44891,FALSE,EOV,EC,FALSE,0.5
65094.png,65094,65094,55042,45080,FALSE,MOC,MC,FALSE,0.5
39252.png,39252,39252,48980,40700,FALSE,MOC,MC,FALSE,0.5
45104.png,45104,45104,68112,29826,FALSE,HGSOC,HGSC,FALSE,0.5
7482.png,7482,7482,44440,38590,FALSE,CCOV,CC,FALSE,0.5
51679.png,51679,51679,38328,32683,FALSE,EOV,EC,FALSE,0.5
59515.png,59515,59515,64700,36387,FALSE,CCOV,CC,FALSE,0.5
26025.png,26025,26025,52560,32700,FALSE,LGSOC,LGSC,FALSE,0.5
15583.png,15583,15583,32821,23837,FALSE,LGSOC,LGSC,FALSE,0.5
18547.png,18547,18547,43646,32109,FALSE,HGSOC,HGSC,FALSE,0.5
30203.png,30203,30203,55551,36311,FALSE,CCOV,CC,FALSE,0.5
45185.png,45185,45185,50967,41307,FALSE,HGSOC,HGSC,FALSE,0.5
15188.png,15188,15188,53455,47347,FALSE,EOV,EC,FALSE,0.5
44700.png,44700,44700,36243,16723,FALSE,EOV,EC,FALSE,0.5
36008.png,36008,36008,54565,24542,FALSE,HGSOC,HGSC,FALSE,0.5
52420.png,52420,52420,64391,28803,FALSE,CCOV,CC,FALSE,0.5
18810.png,18810,18810,70807,41434,FALSE,EOV,EC,FALSE,0.5
41801.png,41801,41801,81147,42934,FALSE,HGSOC,HGSC,FALSE,0.5
35754.png,35754,35754,35295,38271,FALSE,EOV,EC,FALSE,0.5
56799.png,56799,56799,51304,33963,FALSE,MOC,MC,FALSE,0.5
25928.png,25928,25928,33540,36394,FALSE,CCOV,CC,FALSE,0.5
35197.png,35197,35197,55645,43515,FALSE,CCOV,CC,FALSE,0.5
50878.png,50878,50878,41808,27147,FALSE,HGSOC,HGSC,FALSE,0.5
1952.png,1952,1952,33685,38053,FALSE,CCOV,CC,FALSE,0.5
43432.png,43432,43432,34182,32040,FALSE,HGSOC,HGSC,FALSE,0.5
6175.png,6175,6175,60306,29620,FALSE,HGSOC,HGSC,FALSE,0.5
35592.png,35592,35592,61703,27422,FALSE,HGSOC,HGSC,FALSE,0.5
38366.png,38366,38366,31951,21718,FALSE,LGSOC,LGSC,FALSE,0.5
59900.png,59900,59900,57345,22048,FALSE,EOV,EC,FALSE,0.5
54928.png,54928,54928,36166,31487,FALSE,CCOV,CC,FALSE,0.5
20463.png,20463,20463,47331,37823,FALSE,HGSOC,HGSC,FALSE,0.5
2906.png,2906,2906,77265,31059,FALSE,EOV,EC,FALSE,0.5
62828.png,62828,62828,62525,33406,FALSE,CCOV,CC,FALSE,0.5
4877.png,4877,4877,57724,42954,FALSE,CCOV,CC,FALSE,0.5
39258.png,39258,39258,47191,50155,FALSE,LGSOC,LGSC,FALSE,0.5
53098.png,53098,53098,36830,34000,FALSE,EOV,EC,FALSE,0.5
22155.png,22155,22155,42902,34751,FALSE,CCOV,CC,FALSE,0.5
52784.png,52784,52784,25059,22084,FALSE,HGSOC,HGSC,FALSE,0.5
18196.png,18196,18196,64620,28043,FALSE,HGSOC,HGSC,FALSE,0.5
15221.png,15221,15221,42342,19582,FALSE,HGSOC,HGSC,FALSE,0.5
59031.png,59031,59031,48866,47340,FALSE,HGSOC,HGSC,FALSE,0.5
45578.png,45578,45578,71092,22588,FALSE,EOV,EC,FALSE,0.5
3222.png,3222,3222,31881,21623,FALSE,EOV,EC,FALSE,0.5
13987.png,13987,13987,65805,38010,FALSE,CCOV,CC,FALSE,0.5
21020.png,21020,21020,3388,3388,TRUE,MOC,MC,TRUE,0.25
59589.png,59589,59589,49751,33607,FALSE,HGSOC,HGSC,FALSE,0.5
57100.png,57100,57100,51000,18220,FALSE,HGSOC,HGSC,FALSE,0.5
6281.png,6281,6281,75116,48293,FALSE,EOV,EC,FALSE,0.5
50246.png,50246,50246,60663,24740,FALSE,EOV,EC,FALSE,0.5
2706.png,2706,2706,71289,22569,FALSE,HGSOC,HGSC,FALSE,0.5
1925.png,1925,1925,44847,32951,FALSE,HGSOC,HGSC,FALSE,0.5
46543.png,46543,46543,70031,28015,FALSE,CCOV,CC,FALSE,0.5
6951.png,6951,6951,44544,35909,FALSE,HGSOC,HGSC,FALSE,0.5
27950.png,27950,27950,57729,21360,FALSE,HGSOC,HGSC,FALSE,0.5
32596.png,32596,32596,70523,26526,FALSE,HGSOC,HGSC,FALSE,0.5
30515.png,30515,30515,77711,25227,FALSE,EOV,EC,FALSE,0.5
38647.png,38647,38647,40589,26593,FALSE,EOV,EC,FALSE,0.5
10548.png,10548,10548,79600,25645,FALSE,CCOV,CC,FALSE,0.5
21445.png,21445,21445,34200,23705,FALSE,MOC,MC,FALSE,0.5
43875.png,43875,43875,74627,30260,FALSE,HGSOC,HGSC,FALSE,0.5
2666.png,2666,2666,53270,44031,FALSE,EOV,EC,FALSE,0.5
55876.png,55876,55876,28760,15866,FALSE,EOV,EC,FALSE,0.5
40124.png,40124,40124,55186,32887,FALSE,EOV,EC,FALSE,0.5
29200.png,29200,29200,50560,39023,FALSE,HGSOC,HGSC,FALSE,0.5
431.png,431,431,39991,40943,FALSE,HGSOC,HGSC,FALSE,0.5
14127.png,14127,14127,47823,19006,FALSE,HGSOC,HGSC,FALSE,0.5
5114.png,5114,5114,33646,29171,FALSE,HGSOC,HGSC,FALSE,0.5
55279.png,55279,55279,66200,38227,FALSE,EOV,EC,FALSE,0.5
36513.png,36513,36513,81240,37483,FALSE,HGSOC,HGSC,FALSE,0.5
1774.png,1774,1774,44231,37571,FALSE,HGSOC,HGSC,FALSE,0.5
61493.png,61493,61493,33746,33340,FALSE,HGSOC,HGSC,FALSE,0.5
49281.png,49281,49281,45344,37340,FALSE,HGSOC,HGSC,FALSE,0.5
281.png,281,281,42309,15545,FALSE,LGSOC,LGSC,FALSE,0.5
44603.png,44603,44603,3388,3388,TRUE,CCOV,CC,TRUE,0.25
27249.png,27249,27249,27202,26827,FALSE,HGSOC,HGSC,FALSE,0.5
6449.png,6449,6449,81867,43860,FALSE,CCOV,CC,FALSE,0.5
63015.png,63015,63015,52483,35320,FALSE,CCOV,CC,FALSE,0.5
13387.png,13387,13387,27689,19307,FALSE,LGSOC,LGSC,FALSE,0.5
52931.png,52931,52931,58547,36923,FALSE,CCOV,CC,FALSE,0.5
35239.png,35239,35239,61565,44551,FALSE,HGSOC,HGSC,FALSE,0.5
3098.png,3098,3098,68160,26751,FALSE,HGSOC,HGSC,FALSE,0.5
44232.png,44232,44232,77992,30533,FALSE,EOV,EC,FALSE,0.5
36063.png,36063,36063,83724,35889,FALSE,CCOV,CC,FALSE,0.5
3055.png,3055,3055,73631,37323,FALSE,HGSOC,HGSC,FALSE,0.5
970.png,970,970,32131,18935,FALSE,HGSOC,HGSC,FALSE,0.5
21432.png,21432,21432,48485,41454,FALSE,HGSOC,HGSC,FALSE,0.5
60058.png,60058,60058,28984,15447,FALSE,HGSOC,HGSC,FALSE,0.5
12902.png,12902,12902,46481,42007,FALSE,EOV,EC,FALSE,0.5
4134.png,4134,4134,2964,2964,TRUE,MOC,MC,TRUE,0.25
18607.png,18607,18607,44671,32875,FALSE,EOV,EC,FALSE,0.5
61852.png,61852,61852,33401,36180,FALSE,HGSOC,HGSC,FALSE,0.5
14401.png,14401,14401,63909,43603,FALSE,EOV,EC,FALSE,0.5
14039.png,14039,14039,27786,14400,FALSE,HGSOC,HGSC,FALSE,0.5
34822.png,34822,34822,43631,29642,FALSE,EOV,EC,FALSE,0.5
25331.png,25331,25331,61896,47117,FALSE,MOC,MC,FALSE,0.5
20882.png,20882,20882,37420,24860,FALSE,EOV,EC,FALSE,0.5
56117.png,56117,56117,64953,33716,FALSE,MOC,MC,FALSE,0.5
26950.png,26950,26950,35480,40363,FALSE,CCOV,CC,FALSE,0.5
17174.png,17174,17174,31644,29109,FALSE,HGSOC,HGSC,FALSE,0.5
23629.png,23629,23629,41900,37320,FALSE,EOV,EC,FALSE,0.5
47960.png,47960,47960,51720,43711,FALSE,CCOV,CC,FALSE,0.5
49995.png,49995,49995,25197,18134,FALSE,EOV,EC,FALSE,0.5
28821.png,28821,28821,33143,23882,FALSE,HGSOC,HGSC,FALSE,0.5
30868.png,30868,30868,62945,30028,FALSE,MOC,MC,FALSE,0.5
47035.png,47035,47035,2964,2964,TRUE,EOV,EC,TRUE,0.25
58947.png,58947,58947,58000,38350,FALSE,CCOV,CC,FALSE,0.5
16876.png,16876,16876,24301,25740,FALSE,CCOV,CC,FALSE,0.5
47105.png,47105,47105,39020,39353,FALSE,EOV,EC,FALSE,0.5
7204.png,7204,7204,25302,33623,FALSE,EOV,EC,FALSE,0.5
56351.png,56351,56351,52939,39618,FALSE,MOC,MC,FALSE,0.5
20205.png,20205,20205,34075,28265,FALSE,CCOV,CC,FALSE,0.5
22425.png,22425,22425,73230,31569,FALSE,CCOV,CC,FALSE,0.5
31033.png,31033,31033,44126,24065,FALSE,CCOV,CC,FALSE,0.5
48973.png,48973,48973,70020,15640,FALSE,HGSOC,HGSC,FALSE,0.5
32032.png,32032,32032,47250,26631,FALSE,CCOV,CC,FALSE,0.5
23523.png,23523,23523,74723,45387,FALSE,MOC,MC,FALSE,0.5
9154.png,9154,9154,16582,14705,FALSE,HGSOC,HGSC,FALSE,0.5
13364.png,13364,13364,16017,16352,FALSE,HGSOC,HGSC,FALSE,0.5
34247.png,34247,34247,46241,34689,FALSE,HGSOC,HGSC,FALSE,0.5
17291.png,17291,17291,52562,37932,FALSE,CCOV,CC,FALSE,0.5
10252.png,10252,10252,49053,39794,FALSE,LGSOC,LGSC,FALSE,0.5
18014.png,18014,18014,58067,24234,FALSE,CCOV,CC,FALSE,0.5
53900.png,53900,53900,61164,34452,FALSE,EOV,EC,FALSE,0.5
55287.png,55287,55287,47680,45400,FALSE,CCOV,CC,FALSE,0.5
32112.png,32112,32112,45175,30035,FALSE,HGSOC,HGSC,FALSE,0.5
46444.png,46444,46444,32120,26182,FALSE,EOV,EC,FALSE,0.5
9200.png,9200,9200,3388,3388,TRUE,MOC,MC,TRUE,0.25
12159.png,12159,12159,33335,22684,FALSE,HGSOC,HGSC,FALSE,0.5
19255.png,19255,19255,64134,35246,FALSE,HGSOC,HGSC,FALSE,0.5
19030.png,19030,19030,17001,22962,FALSE,EOV,EC,FALSE,0.5
24617.png,24617,24617,34051,32507,FALSE,HGSOC,HGSC,FALSE,0.5
38018.png,38018,38018,37448,21486,FALSE,HGSOC,HGSC,FALSE,0.5
8240.png,8240,8240,33702,35086,FALSE,HGSOC,HGSC,FALSE,0.5
39425.png,39425,39425,68946,41260,FALSE,HGSOC,HGSC,FALSE,0.5
35909.png,35909,35909,48260,43380,FALSE,EOV,EC,FALSE,0.5
62641.png,62641,62641,16662,32055,FALSE,HGSOC,HGSC,FALSE,0.5
14424.png,14424,14424,68995,42311,FALSE,EOV,EC,FALSE,0.5
37307.png,37307,37307,46120,39107,FALSE,MOC,MC,FALSE,0.5
47837.png,47837,47837,35743,37460,FALSE,HGSOC,HGSC,FALSE,0.5
46793.png,46793,46793,71300,35403,FALSE,HGSOC,HGSC,FALSE,0.5
46172.png,46172,46172,42070,39450,FALSE,HGSOC,HGSC,FALSE,0.5
52308.png,52308,52308,29684,22073,FALSE,HGSOC,HGSC,FALSE,0.5
34649.png,34649,34649,34024,38850,FALSE,HGSOC,HGSC,FALSE,0.5
32636.png,32636,32636,80080,35135,FALSE,EOV,EC,FALSE,0.5
38669.png,38669,38669,41105,27185,FALSE,CCOV,CC,FALSE,0.5
61033.png,61033,61033,69600,29311,FALSE,HGSOC,HGSC,FALSE,0.5
36302.png,36302,36302,3388,3388,TRUE,CCOV,CC,TRUE,0.25
3997.png,3997,3997,49467,29610,FALSE,MOC,MC,FALSE,0.5
16325.png,16325,16325,55348,24880,FALSE,CCOV,CC,FALSE,0.5
30792.png,30792,30792,64147,31531,FALSE,EOV,EC,FALSE,0.5
37655.png,37655,37655,56807,35254,FALSE,HGSOC,HGSC,FALSE,0.5
6363.png,6363,6363,69610,43670,FALSE,EOV,EC,FALSE,0.5
13526.png,13526,13526,72523,42491,FALSE,CCOV,CC,FALSE,0.5
48861.png,48861,48861,41468,20360,FALSE,HGSOC,HGSC,FALSE,0.5
34688.png,34688,34688,27441,19507,FALSE,LGSOC,LGSC,FALSE,0.5
31473.png,31473,31473,43454,17267,FALSE,HGSOC,HGSC,FALSE,0.5
46769.png,46769,46769,69343,39330,FALSE,CCOV,CC,FALSE,0.5
17738.png,17738,17738,57040,28165,FALSE,EOV,EC,FALSE,0.5
32035.png,32035,32035,16861,44075,FALSE,HGSOC,HGSC,FALSE,0.5
50048.png,50048,50048,40062,18080,FALSE,EOV,EC,FALSE,0.5
4211.png,4211,4211,35243,34431,FALSE,HGSOC,HGSC,FALSE,0.5
50712.png,50712,50712,67800,26380,FALSE,HGSOC,HGSC,FALSE,0.5
24563.png,24563,24563,60533,49543,FALSE,CCOV,CC,FALSE,0.5
39728.png,39728,39728,43768,27620,FALSE,HGSOC,HGSC,FALSE,0.5
17365.png,17365,17365,43902,26689,FALSE,HGSOC,HGSC,FALSE,0.5
51346.png,51346,51346,84440,48363,FALSE,CCOV,CC,FALSE,0.5
17416.png,17416,17416,78351,34531,FALSE,HGSOC,HGSC,FALSE,0.5
39297.png,39297,39297,73987,27220,FALSE,HGSOC,HGSC,FALSE,0.5
38019.png,38019,38019,59023,43223,FALSE,MOC,MC,FALSE,0.5
15139.png,15139,15139,74343,38730,FALSE,HGSOC,HGSC,FALSE,0.5
47911.png,47911,47911,45465,24590,FALSE,HGSOC,HGSC,FALSE,0.5
10800.png,10800,10800,39547,29240,FALSE,EOV,EC,FALSE,0.5
17067.png,17067,17067,62411,34260,FALSE,CCOV,CC,FALSE,0.5
29240.png,29240,29240,60503,37691,FALSE,HGSOC,HGSC,FALSE,0.5
36204.png,36204,36204,65229,41831,FALSE,HGSOC,HGSC,FALSE,0.5
10896.png,10896,10896,48060,37792,FALSE,HGSOC,HGSC,FALSE,0.5
51832.png,51832,51832,75960,21282,FALSE,HGSOC,HGSC,FALSE,0.5
45630.png,45630,45630,65872,46075,FALSE,EOV,EC,FALSE,0.5
14617.png,14617,14617,24583,18405,FALSE,EOV,EC,FALSE,0.5
21910.png,21910,21910,71431,37669,FALSE,EOV,EC,FALSE,0.5
25256.png,25256,25256,47369,25545,FALSE,LGSOC,LGSC,FALSE,0.5
30272.png,30272,30272,35785,31903,FALSE,CCOV,CC,FALSE,0.5
39269.png,39269,39269,29455,18346,FALSE,EOV,EC,FALSE,0.5
38849.png,38849,38849,60283,28011,FALSE,LGSOC,LGSC,FALSE,0.5
61100.png,61100,61100,40209,19886,FALSE,LGSOC,LGSC,FALSE,0.5
58895.png,58895,58895,40100,43843,FALSE,HGSOC,HGSC,FALSE,0.5
51893.png,51893,51893,53524,48275,FALSE,MOC,MC,FALSE,0.5
56221.png,56221,56221,31523,20020,FALSE,HGSOC,HGSC,FALSE,0.5
15209.png,15209,15209,49503,36931,FALSE,HGSOC,HGSC,FALSE,0.5
39208.png,39208,39208,61530,28220,FALSE,MOC,MC,FALSE,0.5
27747.png,27747,27747,47487,28122,FALSE,HGSOC,HGSC,FALSE,0.5
54408.png,54408,54408,48943,34547,FALSE,EOV,EC,FALSE,0.5
27245.png,27245,27245,46928,40170,FALSE,HGSOC,HGSC,FALSE,0.5
15470.png,15470,15470,64751,18986,FALSE,CCOV,CC,FALSE,0.5
62476.png,62476,62476,91031,38474,FALSE,MOC,MC,FALSE,0.5
42857.png,42857,42857,2964,2964,TRUE,CCOV,CC,TRUE,0.25
42549.png,42549,42549,72496,41725,FALSE,CCOV,CC,FALSE,0.5
63165.png,63165,63165,30342,12783,FALSE,CCOV,CC,FALSE,0.5
38118.png,38118,38118,77147,34046,FALSE,EOV,EC,FALSE,0.5
64111.png,64111,64111,15549,8129,FALSE,HGSOC,HGSC,FALSE,0.5
38585.png,38585,38585,64822,30320,FALSE,LGSOC,LGSC,FALSE,0.5
35953.png,35953,35953,70726,30286,FALSE,EOV,EC,FALSE,0.5
53655.png,53655,53655,3388,3388,TRUE,EOV,EC,TRUE,0.25
63897.png,63897,63897,9022,23582,FALSE,HGSOC,HGSC,FALSE,0.5
39255.png,39255,39255,62867,44147,FALSE,HGSOC,HGSC,FALSE,0.5
13568.png,13568,13568,2964,2964,TRUE,LGSOC,LGSC,TRUE,0.25
21303.png,21303,21303,53442,38926,FALSE,LGSOC,LGSC,FALSE,0.5
65371.png,65371,65371,42551,41800,FALSE,HGSOC,HGSC,FALSE,0.5
44283.png,44283,44283,20903,24764,FALSE,CCOV,CC,FALSE,0.5
43280.png,43280,43280,79191,29689,FALSE,EOV,EC,FALSE,0.5
38048.png,38048,38048,55447,36535,FALSE,HGSOC,HGSC,FALSE,0.5
17854.png,17854,17854,37328,29531,FALSE,HGSOC,HGSC,FALSE,0.5
46736.png,46736,46736,39440,20045,FALSE,HGSOC,HGSC,FALSE,0.5
28736.png,28736,28736,18624,16747,FALSE,EOV,EC,FALSE,0.5
59002.png,59002,59002,35043,27707,FALSE,EOV,EC,FALSE,0.5
39872.png,39872,39872,55223,39867,FALSE,MOC,MC,FALSE,0.5
19157.png,19157,19157,66127,32663,FALSE,HGSOC,HGSC,FALSE,0.5
38349.png,38349,38349,45540,42755,FALSE,CCOV,CC,FALSE,0.5
16042.png,16042,16042,77563,26032,FALSE,HGSOC,HGSC,FALSE,0.5
24507.png,24507,24507,31623,33203,FALSE,HGSOC,HGSC,FALSE,0.5
31297.png,31297,31297,67580,46491,FALSE,MOC,MC,FALSE,0.5
28603.png,28603,28603,61362,33866,FALSE,CCOV,CC,FALSE,0.5
14051.png,14051,14051,67046,18674,FALSE,CCOV,CC,FALSE,0.5
14532.png,14532,14532,41640,35386,FALSE,MOC,MC,FALSE,0.5
45254.png,45254,45254,62667,14444,FALSE,EOV,EC,FALSE,0.5
27851.png,27851,27851,68648,30510,FALSE,EOV,EC,FALSE,0.5
52438.png,52438,52438,33243,45695,FALSE,HGSOC,HGSC,FALSE,0.5
43998.png,43998,43998,64983,27706,FALSE,EOV,EC,FALSE,0.5
15231.png,15231,15231,100548,38277,FALSE,CCOV,CC,FALSE,0.5
64188.png,64188,64188,77833,30683,FALSE,HGSOC,HGSC,FALSE,0.5
34845.png,34845,34845,42908,25840,FALSE,HGSOC,HGSC,FALSE,0.5
61424.png,61424,61424,44889,26787,FALSE,HGSOC,HGSC,FALSE,0.5
53377.png,53377,53377,36337,25394,FALSE,CCOV,CC,FALSE,0.5
12522.png,12522,12522,46605,45511,FALSE,EOV,EC,FALSE,0.5
47984.png,47984,47984,47165,17046,FALSE,HGSOC,HGSC,FALSE,0.5
42125.png,42125,42125,43845,46047,FALSE,CCOV,CC,FALSE,0.5
15742.png,15742,15742,61726,46995,FALSE,EOV,EC,FALSE,0.5
47020.png,47020,47020,71666,36620,FALSE,HGSOC,HGSC,FALSE,0.5
5015.png,5015,5015,48645,44254,FALSE,HGSOC,HGSC,FALSE,0.5
61280.png,61280,61280,43847,23594,FALSE,HGSOC,HGSC,FALSE,0.5
6898.png,6898,6898,38200,33146,FALSE,LGSOC,LGSC,FALSE,0.5
34720.png,34720,34720,34331,23131,FALSE,HGSOC,HGSC,FALSE,0.5
9341.png,9341,9341,69320,36671,FALSE,HGSOC,HGSC,FALSE,0.5
29888.png,29888,29888,21977,19338,FALSE,HGSOC,HGSC,FALSE,0.5
22221.png,22221,22221,36540,31231,FALSE,EOV,EC,FALSE,0.5
50589.png,50589,50589,34271,21730,FALSE,HGSOC,HGSC,FALSE,0.5
18813.png,18813,18813,54671,32443,FALSE,CCOV,CC,FALSE,0.5
1289.png,1289,1289,43940,26785,FALSE,HGSOC,HGSC,FALSE,0.5
3881.png,3881,3881,28073,14116,FALSE,HGSOC,HGSC,FALSE,0.5
3092.png,3092,3092,38308,20600,FALSE,LGSOC,LGSC,FALSE,0.5
20316.png,20316,20316,48631,41367,FALSE,HGSOC,HGSC,FALSE,0.5
16986.png,16986,16986,33547,28025,FALSE,HGSOC,HGSC,FALSE,0.5
52275.png,52275,52275,21301,14880,FALSE,HGSOC,HGSC,FALSE,0.5
44581.png,44581,44581,30786,23591,FALSE,CCOV,CC,FALSE,0.5
27315.png,27315,27315,37183,27885,FALSE,CCOV,CC,FALSE,0.5
10642.png,10642,10642,69213,41391,FALSE,HGSOC,HGSC,FALSE,0.5
5851.png,5851,5851,59353,28393,FALSE,HGSOC,HGSC,FALSE,0.5
29331.png,29331,29331,72886,36720,FALSE,HGSOC,HGSC,FALSE,0.5
48506.png,48506,48506,101254,34003,FALSE,CCOV,CC,FALSE,0.5
40888.png,40888,40888,76355,49135,FALSE,CCOV,CC,FALSE,0.5
49942.png,49942,49942,23622,15342,FALSE,EOV,EC,FALSE,0.5
21260.png,21260,21260,61827,14268,FALSE,LGSOC,LGSC,FALSE,0.5
4827.png,4827,4827,57240,31509,FALSE,CCOV,CC,FALSE,0.5
56947.png,56947,56947,59288,24926,FALSE,CCOV,CC,FALSE,0.5
50962.png,50962,50962,59670,39962,FALSE,EOV,EC,FALSE,0.5
25792.png,25792,25792,37300,19280,FALSE,HGSOC,HGSC,FALSE,0.5
34690.png,34690,34690,31086,15615,FALSE,EOV,EC,FALSE,0.5
42260.png,42260,42260,36450,31720,FALSE,MOC,MC,FALSE,0.5
30794.png,30794,30794,52389,38513,FALSE,HGSOC,HGSC,FALSE,0.5
53402.png,53402,53402,30235,19720,FALSE,EOV,EC,FALSE,0.5
286.png,286,286,37204,30020,FALSE,EOV,EC,FALSE,0.5
30986.png,30986,30986,66911,49395,FALSE,MOC,MC,FALSE,0.5
63289.png,63289,63289,32380,35307,FALSE,CCOV,CC,FALSE,0.5
11431.png,11431,11431,45110,22862,FALSE,EOV,EC,FALSE,0.5
28028.png,28028,28028,48570,49215,FALSE,HGSOC,HGSC,FALSE,0.5
64771.png,64771,64771,29163,27940,FALSE,EOV,EC,FALSE,0.5
26533.png,26533,26533,28420,21151,FALSE,CCOV,CC,FALSE,0.5
54825.png,54825,54825,55315,24726,FALSE,HGSOC,HGSC,FALSE,0.5
20329.png,20329,20329,67900,48795,FALSE,MOC,MC,FALSE,0.5
11263.png,11263,11263,80529,25660,FALSE,CCOV,CC,FALSE,0.5
35792.png,35792,35792,82429,43195,FALSE,MOC,MC,FALSE,0.5
26644.png,26644,26644,69027,22189,FALSE,HGSOC,HGSC,FALSE,0.5
6558.png,6558,6558,47083,38630,FALSE,HGSOC,HGSC,FALSE,0.5
5264.png,5264,5264,45054,22207,FALSE,HGSOC,HGSC,FALSE,0.5
3264.png,3264,3264,63480,28313,FALSE,HGSOC,HGSC,FALSE,0.5
32042.png,32042,32042,30590,26403,FALSE,EOV,EC,FALSE,0.5
38959.png,38959,38959,58091,15650,FALSE,LGSOC,LGSC,FALSE,0.5
24759.png,24759,24759,72163,32003,FALSE,HGSOC,HGSC,FALSE,0.5
58974.png,58974,58974,68443,40383,FALSE,CCOV,CC,FALSE,0.5
3084.png,3084,3084,44749,42274,FALSE,MOC,MC,FALSE,0.5
51032.png,51032,51032,91965,40838,FALSE,EOV,EC,FALSE,0.5
28519.png,28519,28519,39101,17164,FALSE,HGSOC,HGSC,FALSE,0.5
31333.png,31333,31333,65543,30023,FALSE,HGSOC,HGSC,FALSE,0.5
44962.png,44962,44962,67046,31872,FALSE,EOV,EC,FALSE,0.5
35565.png,35565,35565,2964,2964,TRUE,MOC,MC,TRUE,0.25
18981.png,18981,18981,29086,35820,FALSE,HGSOC,HGSC,FALSE,0.5
46469.png,46469,46469,56200,47455,FALSE,HGSOC,HGSC,FALSE,0.5
54990.png,54990,54990,76800,32800,FALSE,HGSOC,HGSC,FALSE,0.5
16209.png,16209,16209,55973,39506,FALSE,HGSOC,HGSC,FALSE,0.5
6582.png,6582,6582,40304,29208,FALSE,MOC,MC,FALSE,0.5
15912.png,15912,15912,59962,24346,FALSE,EOV,EC,FALSE,0.5
15293.png,15293,15293,49327,19044,FALSE,HGSOC,HGSC,FALSE,0.5
63298.png,63298,63298,26067,20341,FALSE,HGSOC,HGSC,FALSE,0.5
1020.png,1020,1020,36585,33751,FALSE,HGSOC,HGSC,FALSE,0.5
38901.png,38901,38901,53515,37187,FALSE,EOV,EC,FALSE,0.5
61689.png,61689,61689,65695,18220,FALSE,HGSOC,HGSC,FALSE,0.5
6843.png,6843,6843,84220,41951,FALSE,HGSOC,HGSC,FALSE,0.5
36499.png,36499,36499,29243,24399,FALSE,HGSOC,HGSC,FALSE,0.5
1660.png,1660,1660,83340,20447,FALSE,CCOV,CC,FALSE,0.5
18568.png,18568,18568,51369,46414,FALSE,HGSOC,HGSC,FALSE,0.5
4797.png,4797,4797,53623,38587,FALSE,MOC,MC,FALSE,0.5
44976.png,44976,44976,67671,23860,FALSE,CCOV,CC,FALSE,0.5
61089.png,61089,61089,32369,19660,FALSE,HGSOC,HGSC,FALSE,0.5
52461.png,52461,52461,56535,24491,FALSE,CCOV,CC,FALSE,0.5
